{
  "$schema": "https://turbo.build/schema.json",
  "globalDependencies": ["**/.env.*local"],
  "pipeline": {
    "build": {
      "dependsOn": ["^build"],
      "outputs": ["dist/**", ".next/**", "out/**"]
    },
    "lint": {
      "outputs": []
    },
    "typecheck": {
      "outputs": []
    },
    "test": {
      "dependsOn": ["^test"],
      "outputs": ["coverage/**"]
    },
    "dev": {
      "cache": false,
      "persistent": true
    },
    "clean": {
      "cache": false
    }
  }
}
